{"CONFIG_ID": "013", "agents": [1, 2, 3, 4, 5, 6], "best_timesteps": [900000, 1100000, 600000, 350000, 1350000, 750000], "best_successes": [0.6, 0.6333333333333333, 0.7, 0.7666666666666667, 0.8, 0.6333333333333333]}