{"CONFIG_ID": "009", "agents": [1, 2, 3, 4, 5, 6], "best_timesteps": [500000, 700000, 800000, 400000, 750000, 100000], "best_successes": [0.36666666666666664, 0.43333333333333335, 0.3, 0.3333333333333333, 0.3, 0.36666666666666664]}