{"CONFIG_ID": "019", "agents": [1, 2, 3, 4, 5, 6], "best_timesteps": [400000, 950000, 650000, 300000, 300000, 1250000], "best_successes": [0.9333333333333333, 0.7666666666666667, 0.9333333333333333, 0.9, 0.8333333333333334, 0.7666666666666667]}