{"CONFIG_ID": "015", "agents": [1, 2, 3, 4, 5, 6], "best_timesteps": [550000, 200000, 300000, 700000, 450000, 50000], "best_successes": [0.13333333333333333, 0.26666666666666666, 0.16666666666666666, 0.26666666666666666, 0.23333333333333334, 0.0]}