{"CONFIG_ID": "020", "agents": [1, 2, 3, 4, 5, 6], "best_timesteps": [600000, 900000, 400000, 750000, 500000, 400000], "best_successes": [0.7, 0.03333333333333333, 0.8666666666666667, 0.8666666666666667, 0.8333333333333334, 0.7]}