{"CONFIG_ID": "010", "agents": [1, 2, 3, 4, 5, 6], "best_timesteps": [150000, 50000, 350000, 50000, 400000, 50000], "best_successes": [0.03333333333333333, 0.0, 0.7666666666666667, 0.0, 0.6666666666666666, 0.0]}