{"CONFIG_ID": "024", "agents": [1, 2, 3, 4, 5, 6], "best_timesteps": [550000, 350000, 1050000, 400000, 2600000, 200000], "best_successes": [0.06666666666666667, 0.3, 0.13333333333333333, 0.03333333333333333, 0.03333333333333333, 0.06666666666666667]}