{"CONFIG_ID": "022", "agents": [1, 2, 3, 4, 5, 6], "best_timesteps": [1550000, 6000000, 3350000, 6650000, 6250000, 3650000], "best_successes": [0.9333333333333333, 0.6666666666666666, 0.9666666666666667, 1.0, 0.9666666666666667, 0.06666666666666667]}