{"CONFIG_ID": "032", "agents": [1, 2, 3, 4, 5, 6], "best_timesteps": [2050000, 4450000, 5650000, 4500000, 4950000, 750000], "best_successes": [0.9333333333333333, 0.9333333333333333, 0.9666666666666667, 0.9666666666666667, 0.8, 0.9333333333333333]}