{"CONFIG_ID": "011", "agents": [1, 2, 3, 4, 5, 6], "best_timesteps": [650000, 800000, 250000, 750000, 50000, 450000], "best_successes": [0.9666666666666667, 0.8666666666666667, 0.9666666666666667, 0.9333333333333333, 0.0, 0.9666666666666667]}