{"CONFIG_ID": "019", "agents": [1, 2, 3, 4, 5, 6], "best_timesteps": [500000, 1050000, 3900000, 3950000, 1300000, 850000], "best_successes": [0.8, 0.9, 0.8333333333333334, 0.9, 0.7666666666666667, 0.7]}