{"CONFIG_ID": "010", "agents": [1, 2, 3, 4, 5, 6], "best_timesteps": [1450000, 1750000, 1050000, 1800000, 1200000, 900000], "best_successes": [0.9666666666666667, 0.9666666666666667, 0.9666666666666667, 1.0, 1.0, 0.9666666666666667]}