{"CONFIG_ID": "014", "agents": [1, 2, 3, 4, 5, 6], "best_timesteps": [50000, 50000, 800000, 50000, 50000, 700000], "best_successes": [0.0, 0.0, 0.5333333333333333, 0.0, 0.0, 0.43333333333333335]}