{"CONFIG_ID": "027", "agents": [1, 2, 3, 4, 5, 6], "best_timesteps": [300000, 300000, 500000, 1300000, 1050000, 800000], "best_successes": [0.06666666666666667, 0.6333333333333333, 0.23333333333333334, 0.5, 0.4666666666666667, 0.23333333333333334]}