{"CONFIG_ID": "011", "agents": [1, 2, 3, 4, 5, 6], "best_timesteps": [1000000, 700000, 650000, 700000, 350000, 450000], "best_successes": [0.3, 0.26666666666666666, 0.36666666666666664, 0.3, 0.26666666666666666, 0.36666666666666664]}