{"CONFIG_ID": "004", "agents": [1, 2, 3, 4, 5, 6], "best_timesteps": [3300000, 1350000, 2050000, 3150000, 2650000, 2500000], "best_successes": [0.9666666666666667, 1.0, 1.0, 0.9666666666666667, 0.9666666666666667, 1.0]}