{"CONFIG_ID": "021", "agents": [1, 2, 3, 4, 5, 6], "best_timesteps": [150000, 50000, 50000, 150000, 50000, 150000], "best_successes": [0.03333333333333333, 0.0, 0.1, 0.1, 0.0, 0.06666666666666667]}