{"CONFIG_ID": "008", "agents": [1, 2, 3, 4, 5, 6], "best_timesteps": [750000, 500000, 200000, 450000, 750000, 250000], "best_successes": [0.7666666666666667, 0.5666666666666667, 0.6, 0.6333333333333333, 0.7, 0.8]}